{
   "R0": [
      16.08926352056916,
      0.025667241847969535,
      0.02594843705237082
   ],
   "R28": [
      16.286617441600697,
      0.020201360095025933,
      0.019238237312151796
   ],
   "R78": [
      16.500119081624177,
      0.01902985051770756,
      0.01896822122862929
   ],
   "R136": [
      16.747259705750558,
      0.01755337462197204,
      0.01618101801447125
   ],
   "B0": [
      -0.0012428671575796003,
      0.03285741503454789,
      0.039505127947567484
   ],
   "B28": [
      -0.10482861249390903,
      0.02880917903226886,
      0.02760250470998042
   ],
   "B78": [
      -0.23666133189435018,
      0.02685319823921889,
      0.029162428763397974
   ],
   "B136": [
      -0.476308912100771,
      0.028499151963437885,
      0.028003630208268793
   ],
   "p_electron": [
      2.908115457552017,
      0.1351486972642162,
      0.12164319976634852
   ],
   "Fbase0": [
      0.08620382659364278,
      0.009965742379997172,
      0.008727061238389011
   ],
   "Fbase1": [
      -0.11813081118176592,
      0.20614757495274222,
      0.08933350891667895
   ],
   "lnf": [
      -3.568934194849726,
      0.9041892944975523,
      0.6201448415377566
   ]
}