{
   "R0": [
      16.08896148882074,
      0.02868796245682148,
      0.029651501379806433
   ],
   "R28": [
      16.28578785089061,
      0.0178103073401914,
      0.02065758052189892
   ],
   "R78": [
      16.498499256273583,
      0.015836561734392518,
      0.017688721583979827
   ],
   "R136": [
      16.747210835109215,
      0.015592645745758915,
      0.01601856892284559
   ],
   "B0": [
      0.004500702979232508,
      0.04052818653671726,
      0.03303375903626732
   ],
   "B28": [
      -0.10619764271001828,
      0.02467381701249663,
      0.027484676937613875
   ],
   "B78": [
      -0.23489264335858462,
      0.026325767242836473,
      0.027236784791077773
   ],
   "B136": [
      -0.47727268811465196,
      0.023006807797854134,
      0.028228421418173943
   ],
   "p_electron": [
      2.9038771930748357,
      0.10688637396296308,
      0.1214232890250515
   ],
   "Fbase0": [
      0.08865083582129193,
      0.008997869145312101,
      0.007639228222080824
   ],
   "Fbase1": [
      -0.12871778301373832,
      0.19555996464614628,
      0.09858832279272604
   ],
   "lnf": [
      -3.4107325104134114,
      0.9298290629651556,
      0.48789872857176864
   ]
}