{
   "R0": [
      16.08991219278223,
      0.024688365446650096,
      0.028080362331433406
   ],
   "R28": [
      16.28883222114805,
      0.02031359927495302,
      0.02124468943250335
   ],
   "R78": [
      16.507175499782353,
      0.018985836735449624,
      0.02008867551205995
   ],
   "R136": [
      16.750590587458287,
      0.015322651966055645,
      0.01705350046918852
   ],
   "B0": [
      0.006006447397044501,
      0.03747211479280018,
      0.037136054245319704
   ],
   "B28": [
      -0.10375165338810453,
      0.027437793428948656,
      0.02735326261489783
   ],
   "B78": [
      -0.23390545762097414,
      0.03018381764017125,
      0.02540912936546086
   ],
   "B136": [
      -0.4729218369570278,
      0.027399339846519044,
      0.027494132941927485
   ],
   "p_electron": [
      2.930312807873874,
      0.12810436703451034,
      0.11152209805783375
   ],
   "Fbase0": [
      0.08794273757828394,
      0.009650795850289454,
      0.008116675483792968
   ],
   "Fbase1": [
      -0.11542261833352849,
      0.20564333397203713,
      0.08630927048923445
   ],
   "lnf": [
      -2.6797230928358644,
      0.2089319806271268,
      0.20984949864606683
   ]
}