{
   "R0": [
      16.235094011091928,
      0.03912388879929907,
      0.03575035384589853
   ],
   "R28": [
      16.42402616988753,
      0.03524401576890668,
      0.03085172217812371
   ],
   "R78": [
      16.636243847464467,
      0.03373377023203261,
      0.029568053704846164
   ],
   "R136": [
      16.874696887468655,
      0.03248248627323491,
      0.026418244377243383
   ],
   "B0": [
      -0.14684114321017175,
      0.060483773390772294,
      0.06402970480299923
   ],
   "B28": [
      -0.2593338108966307,
      0.04467139739472248,
      0.05145273100760703
   ],
   "B78": [
      -0.38959741084738136,
      0.047940216770673005,
      0.04782775747612794
   ],
   "B136": [
      -0.6291788771994669,
      0.04915698311929395,
      0.05171168913865154
   ],
   "p_electron": [
      2.5363630270571065,
      0.2459311179746404,
      0.1911160277119417
   ],
   "Fbase0": [
      0.08628509720953315,
      0.012896366658472963,
      0.012773188963444426
   ],
   "Fbase1": [
      -0.37760332938854535,
      0.5905587947558394,
      0.2501832702591321
   ],
   "lnf": [
      -2.5618485603759034,
      0.19894590723216776,
      0.23443722859860205
   ]
}