{
   "R0": [
      16.24085730851029,
      0.031663375686708406,
      0.03161859788609789
   ],
   "R28": [
      16.440521299920036,
      0.02755590598596669,
      0.021860679453627796
   ],
   "R78": [
      16.65838574372998,
      0.02532129125701843,
      0.02193537407952917
   ],
   "R136": [
      16.905922433178308,
      0.02507183881762387,
      0.02088184727885789
   ],
   "B0": [
      -0.08168411868506971,
      0.053888296756765944,
      0.046262152093049846
   ],
   "B28": [
      -0.18515425865953694,
      0.04388501156951913,
      0.03323690459378542
   ],
   "B78": [
      -0.31899428536568986,
      0.041725682358880856,
      0.036081305019363685
   ],
   "B136": [
      -0.5625946711204577,
      0.04347178407393881,
      0.03653447545316846
   ],
   "p_electron": [
      2.795167383919554,
      0.15945401092335176,
      0.13339058994813469
   ],
   "Fbase0": [
      0.584366882066088,
      0.3462521852515358,
      0.29941103966182314
   ],
   "Fbase1": [
      -1.016373974001159,
      0.23058793787876763,
      0.47262968295877883
   ],
   "lnf": [
      -2.6902417740373186,
      0.17044125446160718,
      0.2038213710855472
   ]
}