{
   "R0": [
      16.076616362397186,
      0.02943767424811483,
      0.03003128687413792
   ],
   "R28": [
      16.272117338290006,
      0.021491421789338716,
      0.023634667242443896
   ],
   "R78": [
      16.493767673817672,
      0.020074851487201784,
      0.017588747365707036
   ],
   "R136": [
      16.73679784824344,
      0.01837338247108633,
      0.016219301991160506
   ],
   "B0": [
      -0.05550873312544033,
      0.037920399511746306,
      0.038268028932569594
   ],
   "B28": [
      -0.15967957156648807,
      0.031781258037143906,
      0.027425404737755094
   ],
   "B78": [
      -0.2942702446349187,
      0.026175316571581397,
      0.026523007261866516
   ],
   "B136": [
      -0.532194201313199,
      0.02671089493927381,
      0.026657090442493536
   ],
   "p_electron": [
      2.914756812539473,
      0.11955423107050756,
      0.11421994719399597
   ],
   "Fbase0": [
      0.09122230512609385,
      0.010000125363954601,
      0.012238045421802915
   ],
   "Fbase1": [
      -0.14498107446307848,
      0.24455812087210785,
      0.11148991146217341
   ],
   "lnf": [
      -2.645491340296278,
      0.1838407552178314,
      0.17818722260732178
   ]
}