{
   "R0": [
      16.21907044240004,
      0.03168854171762803,
      0.039326260643786526
   ],
   "R28": [
      16.40575169186096,
      0.024300429722732275,
      0.025156740277775924
   ],
   "R78": [
      16.624449462460667,
      0.026019728831435884,
      0.020187814610682864
   ],
   "R136": [
      16.861345108688244,
      0.025840689614426537,
      0.02429171871246183
   ],
   "B0": [
      -0.09565469359821656,
      0.05762521784524831,
      0.05102595581693252
   ],
   "B28": [
      -0.19051691078603838,
      0.04950317970358056,
      0.04585356686009531
   ],
   "B78": [
      -0.324935662348556,
      0.047291378804211526,
      0.04419645556253354
   ],
   "B136": [
      -0.5617617526843779,
      0.04512223105190927,
      0.04313730826830464
   ],
   "p_electron": [
      2.6964097653488626,
      0.18386241375059287,
      0.1567877438434353
   ],
   "Fbase0": [
      0.08931991670958646,
      0.012694280176844042,
      0.012187751739810154
   ],
   "Fbase1": [
      -0.24232168069440466,
      0.37222391162460466,
      0.17423088128381023
   ],
   "lnf": [
      -2.6460919627584625,
      0.20837873093947668,
      0.20600007794878383
   ]
}